split,fold,representation,model,prob_decile,n_obs,avg_pred,avg_actual
design_cv,1,market_probability,market_probability,0,5429,0.0312897675638733,0.0
design_cv,1,market_probability,market_probability,1,2553,0.142168429260459,0.0
design_cv,1,market_probability,market_probability,2,950,0.2594469071775094,0.1231578947368421
design_cv,1,market_probability,market_probability,3,555,0.3569524080942969,0.3765765765765765
design_cv,1,market_probability,market_probability,4,574,0.4369250871080139,0.0104529616724738
design_cv,1,market_probability,market_probability,5,257,0.5828793774319065,0.0155642023346303
design_cv,1,market_probability,market_probability,6,420,0.6574642857142857,0.0
design_cv,1,market_probability,market_probability,7,257,0.7832101167315175,0.953307392996109
design_cv,1,market_probability,market_probability,8,91,0.823956043956044,1.0
design_cv,1,market_probability,market_probability,9,336,0.945983630952381,1.0
design_cv,1,pca_only,pca_only_var_85_C0.01,0,9480,0.0141814683064575,0.0343881856540084
design_cv,1,pca_only,pca_only_var_85_C0.01,1,583,0.1333501433279305,0.0051457975986277
design_cv,1,pca_only,pca_only_var_85_C0.01,2,26,0.2582034036264116,0.1923076923076923
design_cv,1,pca_only,pca_only_var_85_C0.01,3,300,0.3593876237808429,0.0066666666666666
design_cv,1,pca_only,pca_only_var_85_C0.01,4,93,0.4551611048349578,0.0
design_cv,1,pca_only,pca_only_var_85_C0.01,5,265,0.5348681133829183,0.0
design_cv,1,pca_only,pca_only_var_85_C0.01,6,19,0.6688624840826939,0.8421052631578947
design_cv,1,pca_only,pca_only_var_85_C0.01,7,290,0.7517421561232155,1.0
design_cv,1,pca_only,pca_only_var_85_C0.01,8,84,0.8662370755245627,1.0
design_cv,1,pca_only,pca_only_var_85_C0.01,9,282,0.9181532865664568,1.0
design_cv,1,pca_plus_tda,pca_plus_tda_fixed_2_168h_h0_h1_C0.01,0,9592,0.0136975062690426,0.0339866555462885
design_cv,1,pca_plus_tda,pca_plus_tda_fixed_2_168h_h0_h1_C0.01,1,473,0.1271987284569197,0.0063424947145877
design_cv,1,pca_plus_tda,pca_plus_tda_fixed_2_168h_h0_h1_C0.01,2,37,0.2581815478397468,0.1621621621621621
design_cv,1,pca_plus_tda,pca_plus_tda_fixed_2_168h_h0_h1_C0.01,3,313,0.339845501405796,0.0031948881789137
design_cv,1,pca_plus_tda,pca_plus_tda_fixed_2_168h_h0_h1_C0.01,4,184,0.4684989210581609,0.0
design_cv,1,pca_plus_tda,pca_plus_tda_fixed_2_168h_h0_h1_C0.01,5,151,0.5195056740575872,0.0
design_cv,1,pca_plus_tda,pca_plus_tda_fixed_2_168h_h0_h1_C0.01,6,44,0.6782212518424019,1.0
design_cv,1,pca_plus_tda,pca_plus_tda_fixed_2_168h_h0_h1_C0.01,7,279,0.7351956402954823,1.0
design_cv,1,pca_plus_tda,pca_plus_tda_fixed_2_168h_h0_h1_C0.01,8,145,0.8827164233650613,1.0
design_cv,1,pca_plus_tda,pca_plus_tda_fixed_2_168h_h0_h1_C0.01,9,204,0.9131905984382116,1.0
design_cv,1,tda_only,tda_only_24h_h0_h1_C0.01,0,9594,0.0153258916864695,0.0339795705649364
design_cv,1,tda_only,tda_only_24h_h0_h1_C0.01,1,473,0.1305500250829785,0.0105708245243128
design_cv,1,tda_only,tda_only_24h_h0_h1_C0.01,2,119,0.2598937728526861,0.0336134453781512
design_cv,1,tda_only,tda_only_24h_h0_h1_C0.01,3,248,0.3372416903390556,0.0040322580645161
design_cv,1,tda_only,tda_only_24h_h0_h1_C0.01,4,277,0.4538373466400501,0.0
design_cv,1,tda_only,tda_only_24h_h0_h1_C0.01,5,77,0.5352728436883161,0.4935064935064935
design_cv,1,tda_only,tda_only_24h_h0_h1_C0.01,6,167,0.6678712993549022,1.0
design_cv,1,tda_only,tda_only_24h_h0_h1_C0.01,7,131,0.7359974116024036,1.0
design_cv,1,tda_only,tda_only_24h_h0_h1_C0.01,8,286,0.8656622672751013,1.0
design_cv,1,tda_only,tda_only_24h_h0_h1_C0.01,9,50,0.9041215781855828,1.0
design_cv,2,market_probability,market_probability,0,5585,0.0356267945001862,0.0
design_cv,2,market_probability,market_probability,1,2072,0.1377495173745173,0.0
design_cv,2,market_probability,market_probability,2,793,0.2574968474148802,0.0
design_cv,2,market_probability,market_probability,3,869,0.3580149597238204,0.19102416570771
design_cv,2,market_probability,market_probability,4,329,0.4291945288753799,0.5106382978723404
design_cv,2,market_probability,market_probability,5,581,0.5504819277108434,0.0120481927710843
design_cv,2,market_probability,market_probability,6,137,0.6174087591240875,0.0
design_cv,2,market_probability,market_probability,7,73,0.7833561643835617,1.0
design_cv,2,market_probability,market_probability,8,235,0.8544468085106383,1.0
design_cv,2,market_probability,market_probability,9,340,0.9722435923207866,1.0
design_cv,2,pca_only,pca_only_fixed_2_C0.01,0,9349,0.0157426785274493,0.0178628730345491
design_cv,2,pca_only,pca_only_fixed_2_C0.01,1,295,0.1289457617712876,0.5389830508474577
design_cv,2,pca_only,pca_only_fixed_2_C0.01,2,406,0.2585543669166528,0.0369458128078817
design_cv,2,pca_only,pca_only_fixed_2_C0.01,3,316,0.3360258755502459,0.0
design_cv,2,pca_only,pca_only_fixed_2_C0.01,5,1,0.5903529733247761,1.0
design_cv,2,pca_only,pca_only_fixed_2_C0.01,6,7,0.6608561595884356,1.0
design_cv,2,pca_only,pca_only_fixed_2_C0.01,7,148,0.7624241331771358,1.0
design_cv,2,pca_only,pca_only_fixed_2_C0.01,8,152,0.8347379298354751,1.0
design_cv,2,pca_only,pca_only_fixed_2_C0.01,9,340,0.9244850704081377,1.0
design_cv,2,pca_plus_tda,pca_plus_tda_fixed_2_168h_h0_h1_C0.01,0,9376,0.0150228846472822,0.0207977815699658
design_cv,2,pca_plus_tda,pca_plus_tda_fixed_2_168h_h0_h1_C0.01,1,280,0.1288351763635632,0.4714285714285714
design_cv,2,pca_plus_tda,pca_plus_tda_fixed_2_168h_h0_h1_C0.01,2,447,0.2507374042666937,0.0313199105145413
design_cv,2,pca_plus_tda,pca_plus_tda_fixed_2_168h_h0_h1_C0.01,3,263,0.3358367621824609,0.0
design_cv,2,pca_plus_tda,pca_plus_tda_fixed_2_168h_h0_h1_C0.01,5,2,0.5842729948620349,1.0
design_cv,2,pca_plus_tda,pca_plus_tda_fixed_2_168h_h0_h1_C0.01,6,11,0.6696100971357318,1.0
design_cv,2,pca_plus_tda,pca_plus_tda_fixed_2_168h_h0_h1_C0.01,7,159,0.7509930634945924,1.0
design_cv,2,pca_plus_tda,pca_plus_tda_fixed_2_168h_h0_h1_C0.01,8,141,0.8377431974771061,1.0
design_cv,2,pca_plus_tda,pca_plus_tda_fixed_2_168h_h0_h1_C0.01,9,335,0.9210480925345166,1.0
design_cv,2,tda_only,tda_only_24h_h0_h1_C0.01,0,9146,0.0175513802178258,0.0157445877979444
design_cv,2,tda_only,tda_only_24h_h0_h1_C0.01,1,502,0.1239107366025012,0.3565737051792829
design_cv,2,tda_only,tda_only_24h_h0_h1_C0.01,2,387,0.2582091292783456,0.0465116279069767
design_cv,2,tda_only,tda_only_24h_h0_h1_C0.01,3,271,0.3474873613885552,0.0
design_cv,2,tda_only,tda_only_24h_h0_h1_C0.01,4,60,0.413706894070294,0.0
design_cv,2,tda_only,tda_only_24h_h0_h1_C0.01,5,3,0.5597145992980234,1.0
design_cv,2,tda_only,tda_only_24h_h0_h1_C0.01,6,31,0.6696615341150105,1.0
design_cv,2,tda_only,tda_only_24h_h0_h1_C0.01,7,145,0.7555567089268703,1.0
design_cv,2,tda_only,tda_only_24h_h0_h1_C0.01,8,162,0.8382574764267834,1.0
design_cv,2,tda_only,tda_only_24h_h0_h1_C0.01,9,307,0.9130461605722364,1.0
design_cv,3,market_probability,market_probability,0,6140,0.0395602893585849,0.0
design_cv,3,market_probability,market_probability,1,1846,0.1360554173600585,0.0
design_cv,3,market_probability,market_probability,2,611,0.2493944353518821,0.0
design_cv,3,market_probability,market_probability,3,947,0.3275818373812038,0.0190073917634635
design_cv,3,market_probability,market_probability,4,524,0.4500381679389313,0.566793893129771
design_cv,3,market_probability,market_probability,5,728,0.5442032967032967,0.4148351648351648
design_cv,3,market_probability,market_probability,6,55,0.6087272727272727,1.0
design_cv,3,market_probability,market_probability,7,97,0.7685051546391752,1.0
design_cv,3,market_probability,market_probability,8,215,0.8364883720930233,1.0
design_cv,3,market_probability,market_probability,9,24,0.9270833333333334,1.0
design_cv,3,pca_only,pca_only_fixed_2_C1,0,9430,0.0192878122978325,0.0
design_cv,3,pca_only,pca_only_fixed_2_C1,1,358,0.1570279193018531,0.5307262569832403
design_cv,3,pca_only,pca_only_fixed_2_C1,2,307,0.2578531844078556,0.4201954397394137
design_cv,3,pca_only,pca_only_fixed_2_C1,3,428,0.3399274709565222,0.1191588785046729
design_cv,3,pca_only,pca_only_fixed_2_C1,4,270,0.4516389668173143,0.9037037037037036
design_cv,3,pca_only,pca_only_fixed_2_C1,5,58,0.5113511838607263,1.0
design_cv,3,pca_only,pca_only_fixed_2_C1,7,33,0.7873296445810376,1.0
design_cv,3,pca_only,pca_only_fixed_2_C1,8,209,0.8531679451742527,1.0
design_cv,3,pca_only,pca_only_fixed_2_C1,9,94,0.917650528257178,1.0
design_cv,3,pca_plus_tda,pca_plus_tda_fixed_2_168h_h0_h1_C1,0,9338,0.0198812634145158,0.0
design_cv,3,pca_plus_tda,pca_plus_tda_fixed_2_168h_h0_h1_C1,1,381,0.1494866758743502,0.4199475065616798
design_cv,3,pca_plus_tda,pca_plus_tda_fixed_2_168h_h0_h1_C1,2,280,0.2525309016505579,0.525
design_cv,3,pca_plus_tda,pca_plus_tda_fixed_2_168h_h0_h1_C1,3,451,0.3437536209094952,0.0953436807095343
design_cv,3,pca_plus_tda,pca_plus_tda_fixed_2_168h_h0_h1_C1,4,273,0.4449646538707433,0.717948717948718
design_cv,3,pca_plus_tda,pca_plus_tda_fixed_2_168h_h0_h1_C1,5,128,0.516424269439961,0.984375
design_cv,3,pca_plus_tda,pca_plus_tda_fixed_2_168h_h0_h1_C1,7,3,0.7872932030514649,1.0
design_cv,3,pca_plus_tda,pca_plus_tda_fixed_2_168h_h0_h1_C1,8,235,0.8558720297664646,1.0
design_cv,3,pca_plus_tda,pca_plus_tda_fixed_2_168h_h0_h1_C1,9,98,0.927960332740386,1.0
design_cv,3,tda_only,tda_only_24h_h0_h1_C0.01,0,9555,0.0151899422595038,0.0023024594453165
design_cv,3,tda_only,tda_only_24h_h0_h1_C0.01,1,586,0.1481729928010083,0.5204778156996587
design_cv,3,tda_only,tda_only_24h_h0_h1_C0.01,2,520,0.2419779901507974,0.3307692307692307
design_cv,3,tda_only,tda_only_24h_h0_h1_C0.01,3,180,0.3414765301518669,0.9055555555555556
design_cv,3,tda_only,tda_only_24h_h0_h1_C0.01,4,10,0.4082594662549004,1.0
design_cv,3,tda_only,tda_only_24h_h0_h1_C0.01,5,10,0.5608861157845629,1.0
design_cv,3,tda_only,tda_only_24h_h0_h1_C0.01,6,94,0.6605483982914254,1.0
design_cv,3,tda_only,tda_only_24h_h0_h1_C0.01,7,138,0.752935638628171,1.0
design_cv,3,tda_only,tda_only_24h_h0_h1_C0.01,8,94,0.8215699782002553,1.0
design_cv,4,market_probability,market_probability,0,6651,0.040081566681702,0.0
design_cv,4,market_probability,market_probability,1,1493,0.1503365706630944,0.0
design_cv,4,market_probability,market_probability,2,690,0.2501050724637681,0.0
design_cv,4,market_probability,market_probability,3,708,0.3529703389830508,0.0663841807909604
design_cv,4,market_probability,market_probability,4,824,0.456504854368932,0.3883495145631068
design_cv,4,market_probability,market_probability,5,548,0.5317244525547445,0.5565693430656934
design_cv,4,market_probability,market_probability,6,53,0.6799056603773584,0.0
design_cv,4,market_probability,market_probability,7,110,0.7540454545454546,0.0
design_cv,4,market_probability,market_probability,8,11,0.8172727272727273,0.0
design_cv,4,market_probability,market_probability,9,336,0.9425535714285712,1.0
design_cv,4,pca_only,pca_only_var_85_C1,0,9263,0.0145307334262705,0.0029148224117456
design_cv,4,pca_only,pca_only_var_85_C1,1,655,0.1478453542412348,0.0885496183206106
design_cv,4,pca_only,pca_only_var_85_C1,2,539,0.2476419102850583,0.5807050092764379
design_cv,4,pca_only,pca_only_var_85_C1,3,309,0.3259700421120159,0.8867313915857605
design_cv,4,pca_only,pca_only_var_85_C1,4,146,0.4419347255107755,0.0
design_cv,4,pca_only,pca_only_var_85_C1,5,12,0.5451382057386444,0.0
design_cv,4,pca_only,pca_only_var_85_C1,6,60,0.662846239311049,0.0
design_cv,4,pca_only,pca_only_var_85_C1,7,89,0.7497383832549259,0.0
design_cv,4,pca_only,pca_only_var_85_C1,8,15,0.8242494325905995,0.0
design_cv,4,pca_only,pca_only_var_85_C1,9,336,0.9489385638029544,1.0
design_cv,4,pca_plus_tda,pca_plus_tda_var_85_24h_h0_h1_C1,0,9256,0.0145870575526158,0.0027009507346585
design_cv,4,pca_plus_tda,pca_plus_tda_var_85_24h_h0_h1_C1,1,660,0.1481771449370939,0.0909090909090909
design_cv,4,pca_plus_tda,pca_plus_tda_var_85_24h_h0_h1_C1,2,530,0.2493964196892379,0.5735849056603773
design_cv,4,pca_plus_tda,pca_plus_tda_var_85_24h_h0_h1_C1,3,324,0.3266524545413179,0.8734567901234568
design_cv,4,pca_plus_tda,pca_plus_tda_var_85_24h_h0_h1_C1,4,141,0.4439703014689026,0.0
design_cv,4,pca_plus_tda,pca_plus_tda_var_85_24h_h0_h1_C1,5,13,0.5438516689684105,0.0
design_cv,4,pca_plus_tda,pca_plus_tda_var_85_24h_h0_h1_C1,6,60,0.6640543670606823,0.0
design_cv,4,pca_plus_tda,pca_plus_tda_var_85_24h_h0_h1_C1,7,88,0.7545843417085476,0.0
design_cv,4,pca_plus_tda,pca_plus_tda_var_85_24h_h0_h1_C1,8,16,0.8273138896422174,0.0
design_cv,4,pca_plus_tda,pca_plus_tda_var_85_24h_h0_h1_C1,9,336,0.9497213170316648,1.0
design_cv,4,tda_only,tda_only_24h_h0_h1_C0.1,0,9597,0.0133047527083844,0.0072939460247994
design_cv,4,tda_only,tda_only_24h_h0_h1_C0.1,1,899,0.1503974250891157,0.4304783092324805
design_cv,4,tda_only,tda_only_24h_h0_h1_C0.1,2,363,0.2274458911750465,0.5922865013774105
design_cv,4,tda_only,tda_only_24h_h0_h1_C0.1,3,60,0.3193167895640032,0.0
design_cv,4,tda_only,tda_only_24h_h0_h1_C0.1,4,22,0.4720747224843657,0.0
design_cv,4,tda_only,tda_only_24h_h0_h1_C0.1,5,62,0.5446904321995485,0.0
design_cv,4,tda_only,tda_only_24h_h0_h1_C0.1,6,75,0.6448343366861746,0.0
design_cv,4,tda_only,tda_only_24h_h0_h1_C0.1,7,10,0.7249436174887827,0.0
design_cv,4,tda_only,tda_only_24h_h0_h1_C0.1,8,279,0.8859085527193046,1.0
design_cv,4,tda_only,tda_only_24h_h0_h1_C0.1,9,57,0.9047831337839984,1.0
design_cv,5,market_probability,market_probability,0,5871,0.0364078632073458,0.0
design_cv,5,market_probability,market_probability,1,1508,0.1560148302402677,0.0
design_cv,5,market_probability,market_probability,2,635,0.2452874549839201,0.0
design_cv,5,market_probability,market_probability,3,652,0.3468079894389571,0.0291411042944785
design_cv,5,market_probability,market_probability,4,1515,0.4563626903619499,0.3326732673267327
design_cv,5,market_probability,market_probability,5,483,0.5355704164650612,0.3084886128364389
design_cv,5,market_probability,market_probability,6,22,0.6210640288719448,0.0909090909090909
design_cv,5,market_probability,market_probability,7,331,0.7683588018142827,0.0
design_cv,5,market_probability,market_probability,8,7,0.805,0.0
design_cv,5,market_probability,market_probability,9,312,0.9600124598006948,1.0
design_cv,5,pca_only,pca_only_var_85_C1,0,9126,0.0129126234456422,0.01468332237563
design_cv,5,pca_only,pca_only_var_85_C1,1,1295,0.1386753536143609,0.3714285714285714
design_cv,5,pca_only,pca_only_var_85_C1,2,240,0.2268419938371891,0.2375
design_cv,5,pca_only,pca_only_var_85_C1,3,18,0.3452854220634898,0.0
design_cv,5,pca_only,pca_only_var_85_C1,4,6,0.4430620755293024,0.0
design_cv,5,pca_only,pca_only_var_85_C1,5,14,0.5771493897647166,0.1428571428571428
design_cv,5,pca_only,pca_only_var_85_C1,6,236,0.658817071324259,0.0
design_cv,5,pca_only,pca_only_var_85_C1,7,89,0.7206198597586099,0.0
design_cv,5,pca_only,pca_only_var_85_C1,8,42,0.889576772698185,1.0
design_cv,5,pca_only,pca_only_var_85_C1,9,270,0.9196436400911334,1.0
design_cv,5,pca_plus_tda,pca_plus_tda_var_85_24h_h0_h1_C1,0,9056,0.0127071523852196,0.0129196113074204
design_cv,5,pca_plus_tda,pca_plus_tda_var_85_24h_h0_h1_C1,1,1331,0.1396393359670185,0.3621337340345605
design_cv,5,pca_plus_tda,pca_plus_tda_var_85_24h_h0_h1_C1,2,269,0.229892520292656,0.2713754646840148
design_cv,5,pca_plus_tda,pca_plus_tda_var_85_24h_h0_h1_C1,3,23,0.3382582953558429,0.0
design_cv,5,pca_plus_tda,pca_plus_tda_var_85_24h_h0_h1_C1,4,5,0.4512398251253439,0.0
design_cv,5,pca_plus_tda,pca_plus_tda_var_85_24h_h0_h1_C1,5,8,0.5713709520281294,0.25
design_cv,5,pca_plus_tda,pca_plus_tda_var_85_24h_h0_h1_C1,6,225,0.6637623337681273,0.0
design_cv,5,pca_plus_tda,pca_plus_tda_var_85_24h_h0_h1_C1,7,107,0.7238429767115147,0.0
design_cv,5,pca_plus_tda,pca_plus_tda_var_85_24h_h0_h1_C1,8,35,0.8913110076329265,1.0
design_cv,5,pca_plus_tda,pca_plus_tda_var_85_24h_h0_h1_C1,9,277,0.9225463730906752,1.0
design_cv,5,tda_only,tda_only_24h_h0_h1_C0.01,0,8764,0.0138720378243097,0.0047923322683706
design_cv,5,tda_only,tda_only_24h_h0_h1_C0.01,1,1552,0.1423060566134908,0.3530927835051546
design_cv,5,tda_only,tda_only_24h_h0_h1_C0.01,2,324,0.2332529047289677,0.2561728395061728
design_cv,5,tda_only,tda_only_24h_h0_h1_C0.01,3,41,0.3364906254649005,0.024390243902439
design_cv,5,tda_only,tda_only_24h_h0_h1_C0.01,4,6,0.4419042040680694,0.0
design_cv,5,tda_only,tda_only_24h_h0_h1_C0.01,5,39,0.5789337628156165,0.0
design_cv,5,tda_only,tda_only_24h_h0_h1_C0.01,6,283,0.6516741531313797,0.0
design_cv,5,tda_only,tda_only_24h_h0_h1_C0.01,7,15,0.7196068015842093,0.0
design_cv,5,tda_only,tda_only_24h_h0_h1_C0.01,8,280,0.8891037173078105,1.0
design_cv,5,tda_only,tda_only_24h_h0_h1_C0.01,9,32,0.9111661903654708,1.0
design_cv,6,market_probability,market_probability,0,7223,0.0349505007415933,0.0
design_cv,6,market_probability,market_probability,1,2235,0.1500955257270693,0.0747203579418344
design_cv,6,market_probability,market_probability,2,785,0.2471910828025477,0.0114649681528662
design_cv,6,market_probability,market_probability,3,1116,0.3459543010752688,0.0528673835125448
design_cv,6,market_probability,market_probability,4,530,0.4468207547169811,0.030188679245283
design_cv,6,market_probability,market_probability,5,716,0.570467877094972,0.7192737430167597
design_cv,6,market_probability,market_probability,6,427,0.6446135831381733,0.3583138173302108
design_cv,6,market_probability,market_probability,7,492,0.7449085365853658,0.6016260162601627
design_cv,6,market_probability,market_probability,8,84,0.8358928571428572,0.1666666666666666
design_cv,6,market_probability,market_probability,9,1,0.905,0.0
design_cv,6,pca_only,pca_only_var_85_C1,0,10242,0.0226655921243024,0.0171841437219293
design_cv,6,pca_only,pca_only_var_85_C1,1,813,0.1436053982735296,0.034440344403444
design_cv,6,pca_only,pca_only_var_85_C1,2,461,0.2497310316471827,0.0954446854663774
design_cv,6,pca_only,pca_only_var_85_C1,3,303,0.3393699555474383,0.0297029702970297
design_cv,6,pca_only,pca_only_var_85_C1,4,291,0.4507287990338718,0.7216494845360825
design_cv,6,pca_only,pca_only_var_85_C1,5,276,0.5510602099979595,0.3260869565217391
design_cv,6,pca_only,pca_only_var_85_C1,6,378,0.6509667332800052,0.5978835978835979
design_cv,6,pca_only,pca_only_var_85_C1,7,261,0.7373380296817936,0.8390804597701149
design_cv,6,pca_only,pca_only_var_85_C1,8,418,0.8649664369900448,0.3229665071770335
design_cv,6,pca_only,pca_only_var_85_C1,9,166,0.9219772214819948,0.5542168674698795
design_cv,6,pca_plus_tda,pca_plus_tda_var_85_24h_h0_h1_C1,0,10248,0.0222381569262634,0.0169789227166276
design_cv,6,pca_plus_tda,pca_plus_tda_var_85_24h_h0_h1_C1,1,817,0.1446293905906861,0.0379436964504283
design_cv,6,pca_plus_tda,pca_plus_tda_var_85_24h_h0_h1_C1,2,465,0.2422814270470533,0.0924731182795698
design_cv,6,pca_plus_tda,pca_plus_tda_var_85_24h_h0_h1_C1,3,287,0.3394807371403882,0.0174216027874564
design_cv,6,pca_plus_tda,pca_plus_tda_var_85_24h_h0_h1_C1,4,298,0.4516933511038898,0.7315436241610739
design_cv,6,pca_plus_tda,pca_plus_tda_var_85_24h_h0_h1_C1,5,280,0.5537139611413863,0.3214285714285714
design_cv,6,pca_plus_tda,pca_plus_tda_var_85_24h_h0_h1_C1,6,371,0.6519015956953494,0.6091644204851752
design_cv,6,pca_plus_tda,pca_plus_tda_var_85_24h_h0_h1_C1,7,264,0.7341997647314962,0.8295454545454546
design_cv,6,pca_plus_tda,pca_plus_tda_var_85_24h_h0_h1_C1,8,404,0.8631238963382051,0.3044554455445544
design_cv,6,pca_plus_tda,pca_plus_tda_var_85_24h_h0_h1_C1,9,175,0.9181121313267788,0.5714285714285714
design_cv,6,tda_only,tda_only_168h_h0_h1_C0.01,0,12866,0.0076789080915456,0.0662987719570962
design_cv,6,tda_only,tda_only_168h_h0_h1_C0.01,1,248,0.1459440117316724,0.2580645161290322
design_cv,6,tda_only,tda_only_168h_h0_h1_C0.01,2,114,0.2595362163133869,0.5
design_cv,6,tda_only,tda_only_168h_h0_h1_C0.01,3,168,0.3155681205122727,0.9226190476190476
design_cv,6,tda_only,tda_only_168h_h0_h1_C0.01,4,61,0.4542214985551843,0.0
design_cv,6,tda_only,tda_only_168h_h0_h1_C0.01,5,132,0.5462025203328532,0.6136363636363636
design_cv,6,tda_only,tda_only_168h_h0_h1_C0.01,6,20,0.6294304819753894,0.95
design_cv,7,market_probability,market_probability,0,10889,0.0287293465701031,0.0
design_cv,7,market_probability,market_probability,1,2468,0.1494108589951377,0.1333063209076175
design_cv,7,market_probability,market_probability,2,770,0.2551883116883117,0.009090909090909
design_cv,7,market_probability,market_probability,3,1321,0.3437509462528387,0.0
design_cv,7,market_probability,market_probability,4,677,0.4524519940915805,0.190546528803545
design_cv,7,market_probability,market_probability,5,607,0.5574711696869852,0.5848434925864909
design_cv,7,market_probability,market_probability,6,554,0.6457129963898918,0.5288808664259927
design_cv,7,market_probability,market_probability,7,427,0.7442540983606557,0.5128805620608899
design_cv,7,market_probability,market_probability,8,120,0.8396375,0.1
design_cv,7,market_probability,market_probability,9,34,0.9148235294117648,0.0
design_cv,7,pca_only,pca_only_fixed_5_C0.01,0,15188,0.0149567126863146,0.0221227284698446
design_cv,7,pca_only,pca_only_fixed_5_C0.01,1,702,0.1442695721983224,0.0213675213675213
design_cv,7,pca_only,pca_only_fixed_5_C0.01,2,435,0.2456771504872693,0.3586206896551724
design_cv,7,pca_only,pca_only_fixed_5_C0.01,3,222,0.3576385069041419,0.8153153153153153
design_cv,7,pca_only,pca_only_fixed_5_C0.01,4,398,0.4519187921372269,0.7939698492462312
design_cv,7,pca_only,pca_only_fixed_5_C0.01,5,218,0.5545457681688599,0.2339449541284403
design_cv,7,pca_only,pca_only_fixed_5_C0.01,6,319,0.6555501824395042,0.4294670846394984
design_cv,7,pca_only,pca_only_fixed_5_C0.01,7,245,0.7527288808193143,0.5918367346938775
design_cv,7,pca_only,pca_only_fixed_5_C0.01,8,122,0.8601785733848951,0.0573770491803278
design_cv,7,pca_only,pca_only_fixed_5_C0.01,9,18,0.9052255759612966,0.0
design_cv,7,pca_plus_tda,pca_plus_tda_fixed_5_168h_h0_h1_C0.01,0,15112,0.0156156284397572,0.0222339862361037
design_cv,7,pca_plus_tda,pca_plus_tda_fixed_5_168h_h0_h1_C0.01,1,689,0.1417639764301591,0.0174165457184325
design_cv,7,pca_plus_tda,pca_plus_tda_fixed_5_168h_h0_h1_C0.01,2,474,0.2481869952622057,0.3080168776371308
design_cv,7,pca_plus_tda,pca_plus_tda_fixed_5_168h_h0_h1_C0.01,3,210,0.3479661527534455,0.6666666666666666
design_cv,7,pca_plus_tda,pca_plus_tda_fixed_5_168h_h0_h1_C0.01,4,377,0.4563867562289618,0.7931034482758621
design_cv,7,pca_plus_tda,pca_plus_tda_fixed_5_168h_h0_h1_C0.01,5,259,0.5472568864017796,0.4324324324324324
design_cv,7,pca_plus_tda,pca_plus_tda_fixed_5_168h_h0_h1_C0.01,6,332,0.6568626631387647,0.4367469879518072
design_cv,7,pca_plus_tda,pca_plus_tda_fixed_5_168h_h0_h1_C0.01,7,211,0.750108334890232,0.4123222748815165
design_cv,7,pca_plus_tda,pca_plus_tda_fixed_5_168h_h0_h1_C0.01,8,164,0.8459429343548721,0.4085365853658536
design_cv,7,pca_plus_tda,pca_plus_tda_fixed_5_168h_h0_h1_C0.01,9,39,0.9081908149754632,0.0
design_cv,7,tda_only,tda_only_168h_h0_h1_C0.01,0,16662,0.0070411909568805,0.0474732925219061
design_cv,7,tda_only,tda_only_168h_h0_h1_C0.01,1,597,0.139537396144363,0.5175879396984925
design_cv,7,tda_only,tda_only_168h_h0_h1_C0.01,2,313,0.2407963370363242,0.3674121405750798
design_cv,7,tda_only,tda_only_168h_h0_h1_C0.01,3,173,0.3448732249231225,0.7398843930635838
design_cv,7,tda_only,tda_only_168h_h0_h1_C0.01,4,53,0.4474027222720591,0.0188679245283018
design_cv,7,tda_only,tda_only_168h_h0_h1_C0.01,5,57,0.5540465835969878,0.0
design_cv,7,tda_only,tda_only_168h_h0_h1_C0.01,6,11,0.6237760811048007,0.0
design_cv,7,tda_only,tda_only_168h_h0_h1_C0.01,7,1,0.7104251983754085,0.0
design_cv,8,market_probability,market_probability,0,11693,0.0284019941628513,0.0
design_cv,8,market_probability,market_probability,1,2202,0.1409877384196185,0.1176203451407811
design_cv,8,market_probability,market_probability,2,935,0.2469390374331551,0.0823529411764705
design_cv,8,market_probability,market_probability,3,1250,0.34864,0.0
design_cv,8,market_probability,market_probability,4,570,0.4450526315789473,0.3192982456140351
design_cv,8,market_probability,market_probability,5,463,0.5594492440604751,0.3974082073434125
design_cv,8,market_probability,market_probability,6,529,0.6340916824196597,0.5784499054820416
design_cv,8,market_probability,market_probability,7,229,0.747174672489083,0.2576419213973799
design_cv,8,market_probability,market_probability,8,277,0.8401985559566787,1.0
design_cv,8,pca_only,pca_only_fixed_5_C0.01,0,15141,0.0159809821436485,0.0221914008321775
design_cv,8,pca_only,pca_only_fixed_5_C0.01,1,1093,0.1362944700021377,0.0
design_cv,8,pca_only,pca_only_fixed_5_C0.01,2,416,0.2419257707030527,0.4375
design_cv,8,pca_only,pca_only_fixed_5_C0.01,3,120,0.3751385786488763,0.575
design_cv,8,pca_only,pca_only_fixed_5_C0.01,4,299,0.4487278457394539,0.2976588628762542
design_cv,8,pca_only,pca_only_fixed_5_C0.01,5,402,0.5428851672000811,0.8109452736318408
design_cv,8,pca_only,pca_only_fixed_5_C0.01,6,155,0.6659833416687003,0.0387096774193548
design_cv,8,pca_only,pca_only_fixed_5_C0.01,7,182,0.7498168268751989,0.0274725274725274
design_cv,8,pca_only,pca_only_fixed_5_C0.01,8,232,0.8596410390561162,0.961206896551724
design_cv,8,pca_only,pca_only_fixed_5_C0.01,9,108,0.9095256772406898,1.0
design_cv,8,pca_plus_tda,pca_plus_tda_fixed_5_168h_h0_h1_C0.01,0,14960,0.0164613545856732,0.0224598930481283
design_cv,8,pca_plus_tda,pca_plus_tda_fixed_5_168h_h0_h1_C0.01,1,1181,0.1377779175875277,0.0
design_cv,8,pca_plus_tda,pca_plus_tda_fixed_5_168h_h0_h1_C0.01,2,492,0.2464788936713972,0.3353658536585366
design_cv,8,pca_plus_tda,pca_plus_tda_fixed_5_168h_h0_h1_C0.01,3,76,0.3665332389518375,0.631578947368421
design_cv,8,pca_plus_tda,pca_plus_tda_fixed_5_168h_h0_h1_C0.01,4,291,0.4554440689040256,0.3470790378006873
design_cv,8,pca_plus_tda,pca_plus_tda_fixed_5_168h_h0_h1_C0.01,5,458,0.5595006263406156,0.74235807860262
design_cv,8,pca_plus_tda,pca_plus_tda_fixed_5_168h_h0_h1_C0.01,6,99,0.6712657853648103,0.1616161616161616
design_cv,8,pca_plus_tda,pca_plus_tda_fixed_5_168h_h0_h1_C0.01,7,230,0.7463616406561083,0.008695652173913
design_cv,8,pca_plus_tda,pca_plus_tda_fixed_5_168h_h0_h1_C0.01,8,237,0.8630562954398249,0.8945147679324894
design_cv,8,pca_plus_tda,pca_plus_tda_fixed_5_168h_h0_h1_C0.01,9,124,0.9182625275714428,1.0
design_cv,8,tda_only,tda_only_168h_h0_h1_C0.01,0,16023,0.0148115394794815,0.0235910878112712
design_cv,8,tda_only,tda_only_168h_h0_h1_C0.01,1,651,0.1331674459229722,0.1827956989247312
design_cv,8,tda_only,tda_only_168h_h0_h1_C0.01,2,272,0.2600912574085266,0.6066176470588235
design_cv,8,tda_only,tda_only_168h_h0_h1_C0.01,3,404,0.3577141224684371,0.5693069306930693
design_cv,8,tda_only,tda_only_168h_h0_h1_C0.01,4,237,0.4467470637362868,0.4345991561181435
design_cv,8,tda_only,tda_only_168h_h0_h1_C0.01,5,211,0.5548380031265483,0.3270142180094786
design_cv,8,tda_only,tda_only_168h_h0_h1_C0.01,6,97,0.6449024339933297,0.2886597938144329
design_cv,8,tda_only,tda_only_168h_h0_h1_C0.01,7,137,0.7457009317201797,0.9927007299270072
design_cv,8,tda_only,tda_only_168h_h0_h1_C0.01,8,116,0.8418190476423514,1.0
design_cv,9,market_probability,market_probability,0,12224,0.026643267106155,0.0
design_cv,9,market_probability,market_probability,1,2247,0.1502413385216029,0.139741878059635
design_cv,9,market_probability,market_probability,2,1259,0.2480698967434471,0.017474185861795
design_cv,9,market_probability,market_probability,3,761,0.3495860709592641,0.0
design_cv,9,market_probability,market_probability,4,438,0.4439840182648402,0.2648401826484018
design_cv,9,market_probability,market_probability,5,395,0.5577025316455696,0.4886075949367088
design_cv,9,market_probability,market_probability,6,396,0.637959595959596,0.4343434343434343
design_cv,9,market_probability,market_probability,7,411,0.7451362530413624,0.5206812652068127
design_cv,9,market_probability,market_probability,8,254,0.8440984251968503,0.8228346456692913
design_cv,9,market_probability,market_probability,9,107,0.9167224347473746,1.0
design_cv,9,pca_only,pca_only_fixed_5_C0.01,0,15948,0.0164411119389305,0.0210684725357411
design_cv,9,pca_only,pca_only_fixed_5_C0.01,1,814,0.1493548159375466,0.0
design_cv,9,pca_only,pca_only_fixed_5_C0.01,2,97,0.2534828085383414,0.5876288659793815
design_cv,9,pca_only,pca_only_fixed_5_C0.01,3,175,0.3539751782034512,0.6971428571428572
design_cv,9,pca_only,pca_only_fixed_5_C0.01,4,280,0.4588893434320764,0.5035714285714286
design_cv,9,pca_only,pca_only_fixed_5_C0.01,5,303,0.5413558694368515,0.2541254125412541
design_cv,9,pca_only,pca_only_fixed_5_C0.01,6,102,0.6460120832266697,0.8235294117647058
design_cv,9,pca_only,pca_only_fixed_5_C0.01,7,353,0.7672507528890746,0.5495750708215298
design_cv,9,pca_only,pca_only_fixed_5_C0.01,8,278,0.8701764867291263,0.697841726618705
design_cv,9,pca_only,pca_only_fixed_5_C0.01,9,142,0.9207616949057664,1.0
design_cv,9,pca_plus_tda,pca_plus_tda_fixed_5_24h_h0_h1_C0.01,0,15956,0.0171309045246551,0.0210579092504387
design_cv,9,pca_plus_tda,pca_plus_tda_fixed_5_24h_h0_h1_C0.01,1,772,0.1529235063489309,0.0
design_cv,9,pca_plus_tda,pca_plus_tda_fixed_5_24h_h0_h1_C0.01,2,104,0.2331665643588707,0.2980769230769231
design_cv,9,pca_plus_tda,pca_plus_tda_fixed_5_24h_h0_h1_C0.01,3,180,0.3468449277084254,0.7611111111111111
design_cv,9,pca_plus_tda,pca_plus_tda_fixed_5_24h_h0_h1_C0.01,4,257,0.4603685981005326,0.5330739299610895
design_cv,9,pca_plus_tda,pca_plus_tda_fixed_5_24h_h0_h1_C0.01,5,349,0.5432583814421412,0.2636103151862464
design_cv,9,pca_plus_tda,pca_plus_tda_fixed_5_24h_h0_h1_C0.01,6,99,0.6507426939582044,0.8383838383838383
design_cv,9,pca_plus_tda,pca_plus_tda_fixed_5_24h_h0_h1_C0.01,7,320,0.7713327703845497,0.534375
design_cv,9,pca_plus_tda,pca_plus_tda_fixed_5_24h_h0_h1_C0.01,8,262,0.8594355459354125,0.6374045801526718
design_cv,9,pca_plus_tda,pca_plus_tda_fixed_5_24h_h0_h1_C0.01,9,193,0.919120266098412,1.0
design_cv,9,tda_only,tda_only_168h_h0_h1_C0.01,0,15730,0.0217636198458042,0.021360457724094
design_cv,9,tda_only,tda_only_168h_h0_h1_C0.01,1,735,0.1437940230982935,0.0
design_cv,9,tda_only,tda_only_168h_h0_h1_C0.01,2,343,0.242424760020516,0.1311953352769679
design_cv,9,tda_only,tda_only_168h_h0_h1_C0.01,3,243,0.348216468961561,0.4320987654320987
design_cv,9,tda_only,tda_only_168h_h0_h1_C0.01,4,288,0.4480280870830653,0.5729166666666666
design_cv,9,tda_only,tda_only_168h_h0_h1_C0.01,5,184,0.5447017221214908,0.3369565217391304
design_cv,9,tda_only,tda_only_168h_h0_h1_C0.01,6,183,0.6563626348338698,0.5901639344262295
design_cv,9,tda_only,tda_only_168h_h0_h1_C0.01,7,245,0.760405625496422,0.6040816326530613
design_cv,9,tda_only,tda_only_168h_h0_h1_C0.01,8,384,0.8428644128216071,0.5755208333333334
design_cv,9,tda_only,tda_only_168h_h0_h1_C0.01,9,157,0.9218781610608364,1.0
design_cv,10,market_probability,market_probability,0,13176,0.0256028459510391,0.0
design_cv,10,market_probability,market_probability,1,2004,0.1460089820359281,0.1671656686626746
design_cv,10,market_probability,market_probability,2,1563,0.2420313499680102,0.000639795265515
design_cv,10,market_probability,market_probability,3,709,0.352820874471086,0.0
design_cv,10,market_probability,market_probability,4,460,0.4614434782608695,0.0
design_cv,10,market_probability,market_probability,5,672,0.558436755952381,0.46875
design_cv,10,market_probability,market_probability,6,395,0.65513417721519,0.4
design_cv,10,market_probability,market_probability,7,464,0.7425129310344828,0.4396551724137931
design_cv,10,market_probability,market_probability,8,416,0.8556538461538461,0.7307692307692307
design_cv,10,market_probability,market_probability,9,30,0.9071666666666668,0.9
design_cv,10,pca_only,pca_only_fixed_2_C0.01,0,17213,0.0157231784107013,0.0195201301342008
design_cv,10,pca_only,pca_only_fixed_2_C0.01,1,549,0.1538825727311518,0.0
design_cv,10,pca_only,pca_only_fixed_2_C0.01,2,220,0.2369106721228925,0.0772727272727272
design_cv,10,pca_only,pca_only_fixed_2_C0.01,3,356,0.3509596811016557,0.4859550561797753
design_cv,10,pca_only,pca_only_fixed_2_C0.01,4,263,0.4662985568219729,0.2547528517110266
design_cv,10,pca_only,pca_only_fixed_2_C0.01,5,283,0.5431106139083398,0.4134275618374558
design_cv,10,pca_only,pca_only_fixed_2_C0.01,6,450,0.6594374061784423,0.5844444444444444
design_cv,10,pca_only,pca_only_fixed_2_C0.01,7,183,0.7446217256435732,0.1912568306010929
design_cv,10,pca_only,pca_only_fixed_2_C0.01,8,339,0.8656634387566793,0.8938053097345132
design_cv,10,pca_only,pca_only_fixed_2_C0.01,9,33,0.9064269759341156,1.0
design_cv,10,pca_plus_tda,pca_plus_tda_fixed_2_24h_h0_h1_C0.01,0,17216,0.0158238283317133,0.0195167286245353
design_cv,10,pca_plus_tda,pca_plus_tda_fixed_2_24h_h0_h1_C0.01,1,544,0.1546227812699691,0.0
design_cv,10,pca_plus_tda,pca_plus_tda_fixed_2_24h_h0_h1_C0.01,2,222,0.2367066686535081,0.0765765765765765
design_cv,10,pca_plus_tda,pca_plus_tda_fixed_2_24h_h0_h1_C0.01,3,353,0.3507911058312519,0.490084985835694
design_cv,10,pca_plus_tda,pca_plus_tda_fixed_2_24h_h0_h1_C0.01,4,255,0.4659369397007215,0.2352941176470588
design_cv,10,pca_plus_tda,pca_plus_tda_fixed_2_24h_h0_h1_C0.01,5,296,0.5423676391412954,0.4155405405405405
design_cv,10,pca_plus_tda,pca_plus_tda_fixed_2_24h_h0_h1_C0.01,6,448,0.660126907530039,0.5915178571428571
design_cv,10,pca_plus_tda,pca_plus_tda_fixed_2_24h_h0_h1_C0.01,7,180,0.7440609851244618,0.1888888888888888
design_cv,10,pca_plus_tda,pca_plus_tda_fixed_2_24h_h0_h1_C0.01,8,343,0.8655776916127125,0.8862973760932945
design_cv,10,pca_plus_tda,pca_plus_tda_fixed_2_24h_h0_h1_C0.01,9,32,0.9059351814127232,1.0
design_cv,10,tda_only,tda_only_168h_h0_h1_C0.01,0,17236,0.015618840690161,0.0194940821536319
design_cv,10,tda_only,tda_only_168h_h0_h1_C0.01,1,586,0.1447884878707944,0.0
design_cv,10,tda_only,tda_only_168h_h0_h1_C0.01,2,318,0.2514932396188134,0.2075471698113207
design_cv,10,tda_only,tda_only_168h_h0_h1_C0.01,3,305,0.3452690407596026,0.5180327868852459
design_cv,10,tda_only,tda_only_168h_h0_h1_C0.01,4,375,0.4553124910428259,0.408
design_cv,10,tda_only,tda_only_168h_h0_h1_C0.01,5,249,0.5506789602419129,0.4096385542168674
design_cv,10,tda_only,tda_only_168h_h0_h1_C0.01,6,375,0.6382137906411414,0.5146666666666667
design_cv,10,tda_only,tda_only_168h_h0_h1_C0.01,7,169,0.7646149504894415,0.4142011834319526
design_cv,10,tda_only,tda_only_168h_h0_h1_C0.01,8,276,0.8394755572195828,0.9637681159420288
design_cv,11,market_probability,market_probability,0,13989,0.0259484895843046,0.0
design_cv,11,market_probability,market_probability,1,2889,0.1420892447511918,0.1163032191069574
design_cv,11,market_probability,market_probability,2,1324,0.2429414652567975,0.0
design_cv,11,market_probability,market_probability,3,865,0.3510549132947977,0.0
design_cv,11,market_probability,market_probability,4,631,0.4525055467511886,0.2535657686212361
design_cv,11,market_probability,market_probability,5,337,0.5587255192878339,0.4065281899109792
design_cv,11,market_probability,market_probability,6,108,0.6326851851851851,0.3611111111111111
design_cv,11,market_probability,market_probability,7,147,0.738673469387755,0.8843537414965986
design_cv,11,market_probability,market_probability,8,213,0.8327464788732394,1.0
design_cv,11,market_probability,market_probability,9,329,0.9355653495440728,1.0
design_cv,11,pca_only,pca_only_fixed_5_C0.01,0,18608,0.016262367628885,0.0180567497850386
design_cv,11,pca_only,pca_only_fixed_5_C0.01,1,579,0.1536129086610223,0.0
design_cv,11,pca_only,pca_only_fixed_5_C0.01,2,476,0.2523096459538467,0.2773109243697479
design_cv,11,pca_only,pca_only_fixed_5_C0.01,3,216,0.3433567542571734,0.3425925925925926
design_cv,11,pca_only,pca_only_fixed_5_C0.01,4,193,0.4432912252314663,0.5492227979274611
design_cv,11,pca_only,pca_only_fixed_5_C0.01,5,75,0.537260551884427,0.3866666666666666
design_cv,11,pca_only,pca_only_fixed_5_C0.01,6,36,0.6530948214521447,0.5277777777777778
design_cv,11,pca_only,pca_only_fixed_5_C0.01,7,105,0.7404650112853698,0.9904761904761904
design_cv,11,pca_only,pca_only_fixed_5_C0.01,8,187,0.8659007280531333,1.0
design_cv,11,pca_only,pca_only_fixed_5_C0.01,9,357,0.934367656817067,1.0
design_cv,11,pca_plus_tda,pca_plus_tda_fixed_5_24h_h0_h1_C0.01,0,18587,0.0163818854986386,0.0180771506967235
design_cv,11,pca_plus_tda,pca_plus_tda_fixed_5_24h_h0_h1_C0.01,1,598,0.1528945810441229,0.0
design_cv,11,pca_plus_tda,pca_plus_tda_fixed_5_24h_h0_h1_C0.01,2,474,0.2535455580356628,0.2784810126582278
design_cv,11,pca_plus_tda,pca_plus_tda_fixed_5_24h_h0_h1_C0.01,3,211,0.3425521990605271,0.3459715639810427
design_cv,11,pca_plus_tda,pca_plus_tda_fixed_5_24h_h0_h1_C0.01,4,183,0.4397491917936665,0.4972677595628415
design_cv,11,pca_plus_tda,pca_plus_tda_fixed_5_24h_h0_h1_C0.01,5,90,0.5333352407788015,0.4555555555555555
design_cv,11,pca_plus_tda,pca_plus_tda_fixed_5_24h_h0_h1_C0.01,6,37,0.6464390366035994,0.5405405405405406
design_cv,11,pca_plus_tda,pca_plus_tda_fixed_5_24h_h0_h1_C0.01,7,108,0.744355959266349,0.9907407407407408
design_cv,11,pca_plus_tda,pca_plus_tda_fixed_5_24h_h0_h1_C0.01,8,186,0.8667899802207822,1.0
design_cv,11,pca_plus_tda,pca_plus_tda_fixed_5_24h_h0_h1_C0.01,9,358,0.9349520287961424,1.0
design_cv,11,tda_only,tda_only_168h_h0_h1_C0.01,0,18969,0.0104274812238621,0.0177131108650956
design_cv,11,tda_only,tda_only_168h_h0_h1_C0.01,1,860,0.1467957355453394,0.2127906976744186
design_cv,11,tda_only,tda_only_168h_h0_h1_C0.01,2,285,0.2293193712376576,0.5263157894736842
design_cv,11,tda_only,tda_only_168h_h0_h1_C0.01,3,54,0.3691649657590954,0.6851851851851852
design_cv,11,tda_only,tda_only_168h_h0_h1_C0.01,4,101,0.4353270361558785,0.7623762376237624
design_cv,11,tda_only,tda_only_168h_h0_h1_C0.01,5,19,0.5379732067246157,0.8947368421052632
design_cv,11,tda_only,tda_only_168h_h0_h1_C0.01,6,38,0.6662734184628422,1.0
design_cv,11,tda_only,tda_only_168h_h0_h1_C0.01,7,283,0.7621381578475437,1.0
design_cv,11,tda_only,tda_only_168h_h0_h1_C0.01,8,158,0.8728587589860439,1.0
design_cv,11,tda_only,tda_only_168h_h0_h1_C0.01,9,65,0.9057367056443386,1.0
design_cv,12,market_probability,market_probability,0,14688,0.023404411183378,0.0
design_cv,12,market_probability,market_probability,1,1909,0.1413876204722766,0.1760083813514929
design_cv,12,market_probability,market_probability,2,961,0.2477752341311134,0.0
design_cv,12,market_probability,market_probability,3,910,0.3541252747252747,0.0
design_cv,12,market_probability,market_probability,4,506,0.4424426877470356,0.1739130434782608
design_cv,12,market_probability,market_probability,5,192,0.5404687499999999,0.4947916666666667
design_cv,12,market_probability,market_probability,6,334,0.6519910179640719,0.9580838323353292
design_cv,12,market_probability,market_probability,7,68,0.7247058823529412,0.4264705882352941
design_cv,12,market_probability,market_probability,8,139,0.8608992805755395,1.0
design_cv,12,market_probability,market_probability,9,145,0.9793724137929832,1.0
design_cv,12,pca_only,pca_only_fixed_2_C0.01,0,17291,0.0195455391752331,0.0194320744896188
design_cv,12,pca_only,pca_only_fixed_2_C0.01,1,873,0.1511586441771959,0.0
design_cv,12,pca_only,pca_only_fixed_2_C0.01,2,622,0.2376629733343268,0.0
design_cv,12,pca_only,pca_only_fixed_2_C0.01,3,225,0.3450603774155916,0.4533333333333333
design_cv,12,pca_only,pca_only_fixed_2_C0.01,4,93,0.442720969982774,0.4623655913978494
design_cv,12,pca_only,pca_only_fixed_2_C0.01,5,46,0.538660893694466,0.6521739130434783
design_cv,12,pca_only,pca_only_fixed_2_C0.01,6,102,0.6709256212598826,0.8921568627450981
design_cv,12,pca_only,pca_only_fixed_2_C0.01,7,240,0.738416439143821,0.9333333333333332
design_cv,12,pca_only,pca_only_fixed_2_C0.01,8,90,0.8314682445274137,0.6222222222222222
design_cv,12,pca_only,pca_only_fixed_2_C0.01,9,270,0.945892462190107,1.0
design_cv,12,pca_plus_tda,pca_plus_tda_fixed_2_24h_h0_h1_C0.01,0,17290,0.01958417223245,0.0194331983805668
design_cv,12,pca_plus_tda,pca_plus_tda_fixed_2_24h_h0_h1_C0.01,1,858,0.149638957986597,0.0
design_cv,12,pca_plus_tda,pca_plus_tda_fixed_2_24h_h0_h1_C0.01,2,632,0.2372451564754407,0.0
design_cv,12,pca_plus_tda,pca_plus_tda_fixed_2_24h_h0_h1_C0.01,3,233,0.3446963791619432,0.4377682403433476
design_cv,12,pca_plus_tda,pca_plus_tda_fixed_2_24h_h0_h1_C0.01,4,91,0.4436267351306205,0.4725274725274725
design_cv,12,pca_plus_tda,pca_plus_tda_fixed_2_24h_h0_h1_C0.01,5,46,0.5366010516952964,0.6304347826086957
design_cv,12,pca_plus_tda,pca_plus_tda_fixed_2_24h_h0_h1_C0.01,6,114,0.6726847910126815,0.9035087719298246
design_cv,12,pca_plus_tda,pca_plus_tda_fixed_2_24h_h0_h1_C0.01,7,230,0.7393071867171724,0.917391304347826
design_cv,12,pca_plus_tda,pca_plus_tda_fixed_2_24h_h0_h1_C0.01,8,85,0.8300089755194834,0.6470588235294118
design_cv,12,pca_plus_tda,pca_plus_tda_fixed_2_24h_h0_h1_C0.01,9,273,0.9455964272008676,1.0
design_cv,12,tda_only,tda_only_168h_h0_h1_C0.01,0,17744,0.017788636314855,0.0189359783588818
design_cv,12,tda_only,tda_only_168h_h0_h1_C0.01,1,793,0.139757916338803,0.0
design_cv,12,tda_only,tda_only_168h_h0_h1_C0.01,2,299,0.2465933108337988,0.0903010033444816
design_cv,12,tda_only,tda_only_168h_h0_h1_C0.01,3,192,0.3490444233245762,0.4635416666666667
design_cv,12,tda_only,tda_only_168h_h0_h1_C0.01,4,173,0.4445397450936226,0.6127167630057804
design_cv,12,tda_only,tda_only_168h_h0_h1_C0.01,5,225,0.5545289019390709,0.9644444444444444
design_cv,12,tda_only,tda_only_168h_h0_h1_C0.01,6,116,0.6374605722748657,0.7844827586206896
design_cv,12,tda_only,tda_only_168h_h0_h1_C0.01,7,27,0.7369514517734382,0.1111111111111111
design_cv,12,tda_only,tda_only_168h_h0_h1_C0.01,8,51,0.8748888017659587,1.0
design_cv,12,tda_only,tda_only_168h_h0_h1_C0.01,9,232,0.9418760320692174,1.0
design_cv,13,market_probability,market_probability,0,14612,0.0226313378899573,0.0001368738023542
design_cv,13,market_probability,market_probability,1,1832,0.1467109716157205,0.1451965065502183
design_cv,13,market_probability,market_probability,2,813,0.2486346863468634,0.0984009840098401
design_cv,13,market_probability,market_probability,3,1214,0.349328665568369,0.0280065897858319
design_cv,13,market_probability,market_probability,4,444,0.4497308558558558,0.3333333333333333
design_cv,13,market_probability,market_probability,5,550,0.5524818181818182,0.7836363636363637
design_cv,13,market_probability,market_probability,6,225,0.6365555555555555,0.6577777777777778
design_cv,13,market_probability,market_probability,7,114,0.7145614035087718,0.9824561403508772
design_cv,13,pca_only,pca_only_fixed_2_C0.01,0,16828,0.0236042041307653,0.0209175184216781
design_cv,13,pca_only,pca_only_fixed_2_C0.01,1,982,0.1538246964358664,0.0509164969450101
design_cv,13,pca_only,pca_only_fixed_2_C0.01,2,682,0.2399715898831731,0.0131964809384164
design_cv,13,pca_only,pca_only_fixed_2_C0.01,3,270,0.3401175154697813,0.0925925925925925
design_cv,13,pca_only,pca_only_fixed_2_C0.01,4,187,0.4477365232049423,0.6417112299465241
design_cv,13,pca_only,pca_only_fixed_2_C0.01,5,294,0.5473817440902303,0.5680272108843537
design_cv,13,pca_only,pca_only_fixed_2_C0.01,6,273,0.6516708582404074,0.8974358974358975
design_cv,13,pca_only,pca_only_fixed_2_C0.01,7,151,0.7416553164646339,0.7947019867549668
design_cv,13,pca_only,pca_only_fixed_2_C0.01,8,137,0.8346457450474475,0.9708029197080292
design_cv,13,pca_plus_tda,pca_plus_tda_fixed_2_24h_h0_h1_C0.01,0,16851,0.0234892924105041,0.021660435582458
design_cv,13,pca_plus_tda,pca_plus_tda_fixed_2_24h_h0_h1_C0.01,1,975,0.1526756114678529,0.0451282051282051
design_cv,13,pca_plus_tda,pca_plus_tda_fixed_2_24h_h0_h1_C0.01,2,674,0.2394378436394384,0.0029673590504451
design_cv,13,pca_plus_tda,pca_plus_tda_fixed_2_24h_h0_h1_C0.01,3,268,0.339676251246277,0.0932835820895522
design_cv,13,pca_plus_tda,pca_plus_tda_fixed_2_24h_h0_h1_C0.01,4,216,0.4505359743587238,0.6574074074074074
design_cv,13,pca_plus_tda,pca_plus_tda_fixed_2_24h_h0_h1_C0.01,5,263,0.5486780635851918,0.5361216730038023
design_cv,13,pca_plus_tda,pca_plus_tda_fixed_2_24h_h0_h1_C0.01,6,271,0.6500043382121262,0.918819188191882
design_cv,13,pca_plus_tda,pca_plus_tda_fixed_2_24h_h0_h1_C0.01,7,156,0.7444227464588707,0.8141025641025641
design_cv,13,pca_plus_tda,pca_plus_tda_fixed_2_24h_h0_h1_C0.01,8,130,0.8357406665035807,0.9692307692307692
design_cv,13,tda_only,tda_only_168h_h0_h1_C0.01,0,18213,0.0136377238473665,0.0200955361554933
design_cv,13,tda_only,tda_only_168h_h0_h1_C0.01,1,673,0.1376717797650328,0.2347696879643387
design_cv,13,tda_only,tda_only_168h_h0_h1_C0.01,2,311,0.2424959486352218,0.6077170418006431
design_cv,13,tda_only,tda_only_168h_h0_h1_C0.01,3,291,0.3473820578785452,0.8934707903780069
design_cv,13,tda_only,tda_only_168h_h0_h1_C0.01,4,149,0.4389000771569495,0.7046979865771812
design_cv,13,tda_only,tda_only_168h_h0_h1_C0.01,5,71,0.5618885924820501,0.6901408450704225
design_cv,13,tda_only,tda_only_168h_h0_h1_C0.01,6,94,0.6358098313475645,0.9787234042553192
design_cv,13,tda_only,tda_only_168h_h0_h1_C0.01,7,2,0.7010036259316712,1.0
design_cv,14,market_probability,market_probability,0,12745,0.01631277250656,0.0003923107100823
design_cv,14,market_probability,market_probability,1,1284,0.1462126168224299,0.3722741433021806
design_cv,14,market_probability,market_probability,2,584,0.2523715753424657,0.0325342465753424
design_cv,14,market_probability,market_probability,3,786,0.3562041984732824,0.0267175572519083
design_cv,14,market_probability,market_probability,4,500,0.4470659999999999,0.314
design_cv,14,market_probability,market_probability,5,390,0.5651948717948717,0.4487179487179487
design_cv,14,market_probability,market_probability,6,337,0.6508382789317507,0.8130563798219584
design_cv,14,market_probability,market_probability,7,49,0.7305714285714286,0.1836734693877551
design_cv,14,market_probability,market_probability,8,170,0.8541794117647059,0.9823529411764704
design_cv,14,pca_only,pca_only_fixed_5_C0.01,0,14405,0.0174917033119974,0.0344324887191947
design_cv,14,pca_only,pca_only_fixed_5_C0.01,1,632,0.1434858431084608,0.0379746835443038
design_cv,14,pca_only,pca_only_fixed_5_C0.01,2,583,0.2383238268393747,0.0514579759862778
design_cv,14,pca_only,pca_only_fixed_5_C0.01,3,188,0.3563457950644988,0.4042553191489361
design_cv,14,pca_only,pca_only_fixed_5_C0.01,4,177,0.4400507677930851,0.3672316384180791
design_cv,14,pca_only,pca_only_fixed_5_C0.01,5,158,0.5643392093795306,0.1645569620253164
design_cv,14,pca_only,pca_only_fixed_5_C0.01,6,276,0.6411494949166384,0.8840579710144928
design_cv,14,pca_only,pca_only_fixed_5_C0.01,7,213,0.7555907969423953,0.784037558685446
design_cv,14,pca_only,pca_only_fixed_5_C0.01,8,43,0.833093650802799,0.2325581395348837
design_cv,14,pca_only,pca_only_fixed_5_C0.01,9,170,0.9344955081160498,0.9823529411764704
design_cv,14,pca_plus_tda,pca_plus_tda_fixed_5_24h_h0_h1_C0.01,0,14317,0.0197377128901092,0.0342250471467486
design_cv,14,pca_plus_tda,pca_plus_tda_fixed_5_24h_h0_h1_C0.01,1,585,0.1438427849000364,0.0376068376068376
design_cv,14,pca_plus_tda,pca_plus_tda_fixed_5_24h_h0_h1_C0.01,2,589,0.2451976164187213,0.0220713073005093
design_cv,14,pca_plus_tda,pca_plus_tda_fixed_5_24h_h0_h1_C0.01,3,228,0.3416106547078257,0.2412280701754386
design_cv,14,pca_plus_tda,pca_plus_tda_fixed_5_24h_h0_h1_C0.01,4,221,0.44559913987569,0.4751131221719457
design_cv,14,pca_plus_tda,pca_plus_tda_fixed_5_24h_h0_h1_C0.01,5,118,0.5521726368945498,0.1101694915254237
design_cv,14,pca_plus_tda,pca_plus_tda_fixed_5_24h_h0_h1_C0.01,6,296,0.6508506842097378,0.7128378378378378
design_cv,14,pca_plus_tda,pca_plus_tda_fixed_5_24h_h0_h1_C0.01,7,195,0.7493462063968925,0.7794871794871795
design_cv,14,pca_plus_tda,pca_plus_tda_fixed_5_24h_h0_h1_C0.01,8,122,0.8252053585930885,0.6229508196721312
design_cv,14,pca_plus_tda,pca_plus_tda_fixed_5_24h_h0_h1_C0.01,9,174,0.94206173168894,0.9655172413793104
design_cv,14,tda_only,tda_only_168h_h0_h1_C0.01,0,15459,0.0101870189667603,0.0349957953295814
design_cv,14,tda_only,tda_only_168h_h0_h1_C0.01,1,493,0.1455561384002633,0.2697768762677485
design_cv,14,tda_only,tda_only_168h_h0_h1_C0.01,2,241,0.2401933454308219,0.6224066390041494
design_cv,14,tda_only,tda_only_168h_h0_h1_C0.01,3,256,0.3405865905410933,0.67578125
design_cv,14,tda_only,tda_only_168h_h0_h1_C0.01,4,81,0.4530355818921536,0.654320987654321
design_cv,14,tda_only,tda_only_168h_h0_h1_C0.01,5,130,0.5414192330693721,0.676923076923077
design_cv,14,tda_only,tda_only_168h_h0_h1_C0.01,6,55,0.6606003224573603,0.7636363636363637
design_cv,14,tda_only,tda_only_168h_h0_h1_C0.01,7,41,0.75049919106254,0.8780487804878049
design_cv,14,tda_only,tda_only_168h_h0_h1_C0.01,8,89,0.8346739068054941,1.0
locked_holdout,999,market_probability,market_probability,0,96948,0.0138943555976361,0.0192886908445764
locked_holdout,999,market_probability,market_probability,1,5673,0.1392930622160964,0.2243962630001762
locked_holdout,999,market_probability,market_probability,2,3459,0.2526776525007227,0.1150621566926857
locked_holdout,999,market_probability,market_probability,3,3435,0.3548711790393013,0.2759825327510917
locked_holdout,999,market_probability,market_probability,4,4134,0.4455705128205128,0.4412191582002903
locked_holdout,999,market_probability,market_probability,5,1278,0.5454890453834116,0.3818466353677621
locked_holdout,999,market_probability,market_probability,6,1177,0.6424711129991504,0.9413763806287172
locked_holdout,999,market_probability,market_probability,7,1392,0.7455316091954023,0.8390804597701149
locked_holdout,999,market_probability,market_probability,8,1243,0.859090909090909,0.9742558326629124
locked_holdout,999,market_probability,market_probability,9,2021,0.952148203070378,1.0
locked_holdout,999,pca_only,pca_only_fixed_5_C0.01,0,102715,0.026222119004416,0.0314657060799299
locked_holdout,999,pca_only,pca_only_fixed_5_C0.01,1,3215,0.1456447456817176,0.069362363919129
locked_holdout,999,pca_only,pca_only_fixed_5_C0.01,2,2273,0.2470134050196152,0.2428508578970523
locked_holdout,999,pca_only,pca_only_fixed_5_C0.01,3,2218,0.3484525821620776,0.3367899008115419
locked_holdout,999,pca_only,pca_only_fixed_5_C0.01,4,2029,0.4478883966230535,0.4558896007885658
locked_holdout,999,pca_only,pca_only_fixed_5_C0.01,5,1389,0.5446190640497951,0.4931605471562275
locked_holdout,999,pca_only,pca_only_fixed_5_C0.01,6,776,0.6468906731568397,0.2796391752577319
locked_holdout,999,pca_only,pca_only_fixed_5_C0.01,7,850,0.7553711049538039,0.8364705882352941
locked_holdout,999,pca_only,pca_only_fixed_5_C0.01,8,1143,0.8498342707338522,0.8180227471566054
locked_holdout,999,pca_only,pca_only_fixed_5_C0.01,9,4152,0.9631664858349228,0.983140655105973
locked_holdout,999,pca_plus_tda,pca_plus_tda_var_85_24h_h0_h1_C1,0,103437,0.0218600734435088,0.031845471156356
locked_holdout,999,pca_plus_tda,pca_plus_tda_var_85_24h_h0_h1_C1,1,3190,0.1443180979613291,0.0705329153605015
locked_holdout,999,pca_plus_tda,pca_plus_tda_var_85_24h_h0_h1_C1,2,2301,0.2493067239643264,0.2855280312907431
locked_holdout,999,pca_plus_tda,pca_plus_tda_var_85_24h_h0_h1_C1,3,2147,0.3503079443664824,0.3833255705635771
locked_holdout,999,pca_plus_tda,pca_plus_tda_var_85_24h_h0_h1_C1,4,1883,0.4468738077201928,0.5592140201805629
locked_holdout,999,pca_plus_tda,pca_plus_tda_var_85_24h_h0_h1_C1,5,1077,0.5470791260025489,0.3519034354688951
locked_holdout,999,pca_plus_tda,pca_plus_tda_var_85_24h_h0_h1_C1,6,696,0.6444817256335075,0.3979885057471264
locked_holdout,999,pca_plus_tda,pca_plus_tda_var_85_24h_h0_h1_C1,7,1026,0.7512861286652247,0.8411306042884991
locked_holdout,999,pca_plus_tda,pca_plus_tda_var_85_24h_h0_h1_C1,8,885,0.8559716475176421,0.7604519774011299
locked_holdout,999,pca_plus_tda,pca_plus_tda_var_85_24h_h0_h1_C1,9,4118,0.9605492090563924,0.98712967459932
locked_holdout,999,tda_only,tda_only_168h_h0_h1_C0.01,0,80455,0.0210085039315035,0.0315207258716052
locked_holdout,999,tda_only,tda_only_168h_h0_h1_C0.01,1,15822,0.1443452356782665,0.0525850082164075
locked_holdout,999,tda_only,tda_only_168h_h0_h1_C0.01,2,6462,0.2372517908219783,0.166976168368926
locked_holdout,999,tda_only,tda_only_168h_h0_h1_C0.01,3,3558,0.3469344793273442,0.1360314783586284
locked_holdout,999,tda_only,tda_only_168h_h0_h1_C0.01,4,2587,0.452583160841086,0.2098956320061847
locked_holdout,999,tda_only,tda_only_168h_h0_h1_C0.01,5,1810,0.5495464987857734,0.3624309392265193
locked_holdout,999,tda_only,tda_only_168h_h0_h1_C0.01,6,2272,0.6519753770677326,0.2482394366197183
locked_holdout,999,tda_only,tda_only_168h_h0_h1_C0.01,7,1810,0.7525970395202565,0.4099447513812154
locked_holdout,999,tda_only,tda_only_168h_h0_h1_C0.01,8,2017,0.8545677572811948,0.7030242935052058
locked_holdout,999,tda_only,tda_only_168h_h0_h1_C0.01,9,3967,0.965036256755594,0.8709352155281069
